Designator,Mid X,Mid Y,Rotation,Layer
J1,59.25,-112.38,270.0,bottom
J10,178.651141,-112.377224,270.0,bottom
J12,208.551141,-112.377224,270.0,bottom
J2,89.101141,-112.377224,270.0,bottom
J3,118.951141,-112.377224,270.0,bottom
J5,148.851141,-112.377224,270.0,bottom
J7_6,156.351141,-100.367224,90.0,top
J7_5,186.151141,-100.367224,90.0,top
J7_4,216.051141,-100.367224,90.0,top
J7_3,126.451141,-100.367224,90.0,top
J7_2,66.75,-100.37,90.0,top
J7,96.601141,-100.367224,90.0,top
